{
    "algorithm": "RandomForestClassifier",
    "training_type": "multiclass",
    "classes": [
        "Benign",
        "Bot",
        "Flood",
        "Infiltration"
    ],
    "classification_report": {
        "Benign": {
            "precision": 0.979407411017233,
            "recall": 0.5811420392318453,
            "f1-score": 0.7294543854236611,
            "support": 553326.0
        },
        "Bot": {
            "precision": 0.7887888445106253,
            "recall": 0.9881450488145049,
            "f1-score": 0.8772839487064396,
            "support": 57360.0
        },
        "Flood": {
            "precision": 0.7824329491451357,
            "recall": 0.994394210243149,
            "f1-score": 0.8757709385771167,
            "support": 115238.0
        },
        "Infiltration": {
            "precision": 0.11623424478920615,
            "recall": 0.7596875289467997,
            "f1-score": 0.20162007350561126,
            "support": 32387.0
        },
        "accuracy": 0.6823546012124313,
        "macro avg": {
            "precision": 0.66671586236555,
            "recall": 0.8308422068090747,
            "f1-score": 0.6710323365532072,
            "support": 758311.0
        },
        "weighted avg": {
            "precision": 0.8981895289785143,
            "recall": 0.6823546012124313,
            "f1-score": 0.7403282364453505,
            "support": 758311.0
        }
    },
    "confusion_matrix": [
        [
            321561,
            14118,
            31594,
            186053
        ],
        [
            81,
            56680,
            0,
            599
        ],
        [
            226,
            0,
            114592,
            420
        ],
        [
            6454,
            1059,
            270,
            24604
        ]
    ],
    "features_used": [
        "SAGE_Session_Depth",
        "SAGE_Temporal_Variance",
        "SAGE_Request_Velocity",
        "SAGE_Behavioral_Diversity"
    ],
    "dataset_rows": 3791554,
    "train_rows": 3033243,
    "test_rows": 758311,
    "class_distribution": {
        "Benign": 2766627,
        "Bot": 286802,
        "Flood": 576191,
        "Infiltration": 161934
    }
}